{"files":{"index2.html":{"frameworks":["pg.insight.events","pg.code-validator","pg.project.items","pg.asset.manager","pg.fontawesome","bs3.3.7","pg.html","pg.components"],"last_page_width":1071},"index copy.html":{"frameworks":["pg.insight.events","pg.code-validator","pg.project.items","pg.fontawesome","pg.asset.manager","bs3.3.7","pg.html","pg.components"],"last_page_width":1024},"index.html":{"frameworks":["pg.insight.events","pg.code-validator","pg.project.items","pg.fontawesome","pg.asset.manager","bs3.3.7","pg.html","pg.components"],"last_page_width":1024},"estimate.html":{"frameworks":["pg.insight.events","pg.code-validator","pg.project.items","pg.fontawesome","pg.asset.manager","bs3.3.7","pg.html","pg.components"],"last_page_width":1024}},"breakpoints":["576px","768px","992px","1200px"],"frameworks":["pg.insight.events","pg.code-validator","pg.project.items","pg.fontawesome","pg.asset.manager","bs3.3.7","pg.html","pg.components"]}